"Mobiliteit; per persoon, verplaatsingskenmerken, vervoerwijzen en regio's"
"Populatie: Populatie: 6 jaar of ouder"
"Marges: Waarde"
"Regio's: Nederland"
"";""
"";"Vervoerwijzen";"Totaal";"Totaal";"Totaal";"Personenauto (bestuurder)";"Personenauto (bestuurder)";"Personenauto (bestuurder)";"Trein";"Trein";"Trein";"Fiets";"Fiets";"Fiets"
"";"Onderwerp";"Gemiddeld per persoon per dag |Verplaatsingen ";"Gemiddeld per persoon per dag |Afstand ";"Gemiddeld per persoon per dag |Reisduur";"Gemiddeld per persoon per dag |Verplaatsingen ";"Gemiddeld per persoon per dag |Afstand ";"Gemiddeld per persoon per dag |Reisduur";"Gemiddeld per persoon per dag |Verplaatsingen ";"Gemiddeld per persoon per dag |Afstand ";"Gemiddeld per persoon per dag |Reisduur";"Gemiddeld per persoon per dag |Verplaatsingen ";"Gemiddeld per persoon per dag |Afstand ";"Gemiddeld per persoon per dag |Reisduur"
"Perioden";"Kenmerken verplaatsingen";"aantal";"reizigerskilometers";"minuten";"aantal";"reizigerskilometers";"minuten";"aantal";"reizigerskilometers";"minuten";"aantal";"reizigerskilometers";"minuten"
"2018";"Verplaatsing in januari";"2,81";"36,06";"70,52";"1,05";"19,44";"25,83";"0,09";"4,01";"6,71";"0,71";"2,44";"12,18"
"2018";"Verplaatsing in februari";"2,85";"35,72";"72,40";"1,06";"19,92";"26,94";"0,08";"4,06";"6,07";"0,74";"2,62";"13,38"
"2018";"Verplaatsing in maart";"2,87";"35,19";"71,98";"1,06";"18,58";"25,46";"0,09";"4,61";"7,21";"0,75";"2,59";"13,30"
"2018";"Verplaatsing in april";"2,84";"37,72";"79,15";"0,93";"18,61";"25,13";"0,09";"4,50";"6,98";"0,82";"3,28";"17,12"
"2018";"Verplaatsing in mei";"2,78";"38,09";"81,27";"0,93";"18,52";"25,13";"0,09";"3,82";"6,53";"0,82";"3,68";"19,64"
"2018";"Verplaatsing in juni";"2,83";"37,27";"77,48";"0,93";"18,40";"24,45";"0,08";"3,98";"5,82";"0,90";"3,85";"20,22"
"2018";"Verplaatsing in juli";"2,63";"37,08";"76,46";"0,84";"18,01";"23,02";"0,07";"3,33";"5,21";"0,82";"3,87";"20,20"
"2018";"Verplaatsing in augustus";"2,37";"34,28";"70,59";"0,77";"15,49";"20,36";"0,06";"3,48";"5,52";"0,72";"3,42";"18,44"
"2018";"Verplaatsing in september";"2,91";"37,34";"78,32";"0,96";"17,78";"24,03";"0,07";"3,96";"5,93";"0,89";"3,62";"18,92"
"2018";"Verplaatsing in oktober";"2,89";"36,76";"76,15";"0,97";"17,97";"24,77";"0,07";"3,79";"5,64";"0,87";"3,40";"17,37"
"2018";"Verplaatsing in november";"2,93";"35,82";"74,11";"1,03";"18,62";"25,54";"0,08";"3,76";"5,98";"0,83";"2,95";"14,86"
"2018";"Verplaatsing in december";"2,70";"32,70";"66,92";"0,99";"16,78";"23,88";"0,07";"3,34";"5,68";"0,66";"2,23";"11,72"
"2019";"Verplaatsing in januari";"2,75";"33,61";"67,88";"1,01";"17,52";"23,95";"0,08";"4,02";"6,05";"0,67";"2,28";"11,80"
"2019";"Verplaatsing in februari";"2,80";"35,03";"72,93";"0,99";"17,73";"24,41";"0,09";"4,57";"7,18";"0,76";"2,73";"14,47"
"2019";"Verplaatsing in maart";"2,77";"33,94";"71,31";"1,00";"16,92";"23,92";"0,08";"3,93";"6,51";"0,72";"2,61";"14,55"
"2019";"Verplaatsing in april";"2,78";"36,57";"79,65";"0,93";"17,80";"24,62";"0,08";"4,43";"6,82";"0,83";"3,42";"19,46"
"2019";"Verplaatsing in mei";"2,81";"36,97";"76,69";"0,95";"18,36";"25,30";"0,09";"3,82";"6,38";"0,84";"3,29";"17,52"
"2019";"Verplaatsing in juni";"2,65";"37,95";"78,88";"0,87";"18,79";"24,71";"0,08";"4,61";"6,83";"0,83";"3,52";"20,28"
"2019";"Verplaatsing in juli";"2,55";"34,63";"75,28";"0,86";"17,55";"23,37";"0,07";"3,63";"5,37";"0,77";"3,57";"19,13"
"2019";"Verplaatsing in augustus";"2,35";"36,31";"72,53";"0,80";"15,48";"20,71";"0,07";"4,21";"6,47";"0,65";"3,23";"17,39"
"2019";"Verplaatsing in september";"2,77";"38,44";"78,94";"0,93";"18,68";"25,12";"0,09";"4,30";"7,31";"0,82";"3,35";"18,75"
"2019";"Verplaatsing in oktober";"2,81";"36,90";"75,23";"1,01";"19,88";"27,08";"0,09";"3,76";"6,04";"0,79";"2,97";"15,24"
"2019";"Verplaatsing in november";"2,85";"37,84";"74,20";"1,06";"19,90";"26,98";"0,09";"4,24";"6,33";"0,75";"2,73";"13,98"
"2019";"Verplaatsing in december";"2,64";"33,97";"69,50";"0,97";"17,72";"24,14";"0,08";"3,49";"5,54";"0,66";"2,40";"12,63"
"2020";"Verplaatsing in januari";"2,83";"32,04";"70,10";"1,02";"16,84";"24,07";"0,08";"3,88";"5,93";"0,75";"2,52";"13,77"
"2020";"Verplaatsing in februari";"2,83";"33,75";"69,90";"1,06";"17,83";"24,74";"0,08";"3,87";"5,94";"0,63";"2,13";"11,76"
"2020";"Verplaatsing in maart";"2,16";"22,69";"54,86";"0,76";"12,12";"16,84";"0,05";"2,27";"3,56";"0,52";"1,96";"11,11"
"2020";"Verplaatsing in april";"1,56";"14,05";"48,01";"0,49";"7,37";"10,58";".";".";".";"0,39";"2,20";"12,86"
"2020";"Verplaatsing in mei";"2,10";"20,17";"58,75";"0,68";"10,04";"14,64";".";".";".";"0,56";"2,90";"16,48"
"2020";"Verplaatsing in juni";"2,50";"24,72";"65,34";"0,84";"13,61";"19,43";"0,02";"1,10";"1,74";"0,75";"3,18";"18,27"
"2020";"Verplaatsing in juli";"2,44";"29,72";"72,24";"0,81";"15,59";"21,51";"0,03";"1,54";"2,18";"0,64";"3,25";"19,72"
"2020";"Verplaatsing in augustus";"2,30";"28,34";"65,52";"0,76";"13,99";"19,20";"0,02";"1,25";"2,02";"0,66";"3,06";"17,84"
"2020";"Verplaatsing in september";"2,66";"28,57";"68,41";"0,87";"15,13";"20,50";"0,03";"1,48";"2,57";"0,83";"3,51";"19,25"
"2020";"Verplaatsing in oktober";"2,38";"23,11";"59,44";"0,82";"12,05";"18,38";"0,03";"1,24";"2,10";"0,64";"2,36";"12,60"
"2020";"Verplaatsing in november";"2,42";"22,17";"59,42";"0,81";"11,94";"17,18";"0,03";"1,17";"2,06";"0,69";"2,61";"14,00"
"2020";"Verplaatsing in december";"2,07";"19,45";"51,83";"0,77";"11,40";"16,70";"0,02";"0,91";"1,37";"0,46";"1,61";"9,25"
"2021";"Verplaatsing in januari";"1,93";"18,48";"55,17";"0,67";"10,46";"15,16";"0,02";"0,59";"1,13";"0,36";"1,55";"8,88"
"2021";"Verplaatsing in februari";"2,06";"20,03";"62,48";"0,69";"10,36";"15,94";"0,02";"0,81";"1,30";"0,36";"1,56";"9,28"
"2021";"Verplaatsing in maart";"2,44";"23,05";"65,09";"0,80";"13,18";"18,78";"0,02";"0,90";"1,50";"0,58";"2,39";"13,27"
"2021";"Verplaatsing in april";"2,49";"25,20";"69,80";"0,78";"12,13";"17,56";"0,03";"1,54";"2,47";"0,63";"2,66";"15,53"
"2021";"Verplaatsing in mei";"2,52";"28,06";"71,94";"0,82";"13,96";"19,75";"0,03";"1,61";"2,66";"0,62";"2,75";"16,17"
"2021";"Verplaatsing in juni";"2,80";"29,56";"77,55";"0,85";"14,54";"21,10";"0,03";"1,50";"2,58";"0,88";"3,91";"21,63"
"2021";"Verplaatsing in juli";"2,67";"30,83";"76,54";"0,89";"16,29";"22,85";"0,03";"1,54";"2,63";"0,70";"3,10";"17,60"
"2021";"Verplaatsing in augustus";"2,42";"32,58";"74,53";"0,78";"15,96";"21,16";"0,04";"2,05";"3,12";"0,61";"3,02";"17,47"
"2021";"Verplaatsing in september";"2,87";"32,75";"80,25";"0,87";"16,45";"22,26";"0,06";"2,70";"4,55";"0,90";"3,97";"22,11"
"2021";"Verplaatsing in oktober";"2,78";"32,76";"75,64";"0,94";"16,70";"23,86";"0,05";"2,99";"4,71";"0,74";"2,81";"15,30"
"2021";"Verplaatsing in november";"2,71";"28,21";"68,81";"0,91";"14,59";"21,45";"0,05";"2,23";"3,94";"0,72";"2,50";"13,41"
"2021";"Verplaatsing in december";"2,37";"24,86";"60,22";"0,87";"13,71";"19,75";"0,04";"1,56";"2,63";"0,52";"1,92";"11,28"
"2022";"Verplaatsing in januari";"2,35";"23,75";"61,23";"0,80";"13,21";"18,73";"0,03";"1,53";"2,39";"0,56";"2,00";"11,47"
"2022";"Verplaatsing in februari";"2,57";"26,89";"64,31";"0,91";"14,42";"20,58";"0,04";"1,76";"2,83";"0,60";"2,16";"11,77"
"2022";"Verplaatsing in maart";"2,79";"30,57";"74,90";"0,86";"14,64";"20,56";"0,06";"2,90";"4,74";"0,77";"3,15";"17,77"
"2022";"Verplaatsing in april";"2,75";"30,26";"73,35";"0,89";"15,26";"22,12";"0,04";"2,27";"3,62";"0,78";"3,12";"17,04"
"2022";"Verplaatsing in mei";"2,76";"31,99";"78,04";"0,86";"15,22";"22,21";"0,06";"2,79";"4,74";"0,80";"3,54";"19,22"
"2022";"Verplaatsing in juni";"2,84";"31,79";"77,90";"0,87";"15,16";"21,51";"0,06";"3,33";"5,41";"0,87";"3,67";"20,02"
"2022";"Verplaatsing in juli";"2,65";"29,59";"73,70";"0,82";"15,02";"20,46";"0,04";"2,25";"3,50";"0,81";"3,51";"20,22"
"2022";"Verplaatsing in augustus";"2,47";"30,93";"75,70";"0,72";"14,37";"19,62";"0,04";"2,26";"3,69";"0,77";"3,77";"20,90"
"2022";"Verplaatsing in september";"2,78";"32,00";"75,25";"0,88";"16,07";"22,41";"0,06";"3,22";"5,39";"0,83";"3,27";"18,11"
"2022";"Verplaatsing in oktober";"2,78";"31,75";"75,65";"0,91";"15,95";"23,06";"0,06";"3,07";"4,88";"0,79";"3,19";"17,18"
"2022";"Verplaatsing in november";"2,95";"32,61";"75,64";"0,96";"16,35";"23,67";"0,07";"3,31";"5,25";"0,82";"2,96";"15,46"
"2022";"Verplaatsing in december";"2,66";"30,29";"66,15";"0,94";"15,96";"22,39";"0,06";"2,69";"4,47";"0,63";"2,05";"11,13"
"2023";"Verplaatsing in januari";"2,67";"28,95";"68,35";"0,97";"16,05";"23,18";"0,06";"2,38";"4,07";"0,63";"2,27";"12,62"
"2023";"Verplaatsing in februari";"2,82";"31,00";"73,50";"0,96";"15,50";"22,37";"0,07";"3,09";"5,07";"0,74";"2,81";"15,35"
"2023";"Verplaatsing in maart";"2,86";"31,50";"71,87";"0,98";"16,91";"23,50";"0,07";"2,93";"4,94";"0,73";"2,59";"13,96"
"2023";"Verplaatsing in april";"2,81";"31,64";"75,99";"0,96";"16,08";"23,44";"0,06";"3,13";"5,26";"0,74";"2,78";"15,36"
"2023";"Verplaatsing in mei";"2,85";"34,89";"81,75";"0,91";"16,38";"23,50";"0,08";"4,07";"6,58";"0,82";"3,46";"18,97"
"2023";"Verplaatsing in juni";"2,88";"33,16";"78,96";"0,89";"16,49";"23,00";"0,07";"3,68";"5,45";"0,92";"3,87";"20,36"
"2023";"Verplaatsing in juli";"2,59";"32,75";"75,11";"0,83";"16,00";"21,97";"0,05";"3,15";"4,93";"0,71";"3,22";"17,49"
"2023";"Verplaatsing in augustus";"2,40";"31,70";"72,26";"0,81";"14,96";"20,12";"0,05";"2,40";"3,71";"0,61";"2,93";"17,28"
"2023";"Verplaatsing in september";"2,87";"34,40";"78,59";"0,90";"16,61";"22,76";"0,08";"4,30";"6,68";"0,89";"3,83";"20,36"
"2023";"Verplaatsing in oktober";"2,74";"33,36";"75,38";"0,90";"16,02";"22,67";"0,08";"4,04";"6,88";"0,75";"3,00";"15,75"
"2023";"Verplaatsing in november";"2,75";"31,89";"69,13";"1,01";"17,52";"24,79";"0,07";"3,18";"5,53";"0,66";"2,36";"12,00"
"2023";"Verplaatsing in december";"2,38";"28,40";"61,47";"0,85";"14,89";"21,38";"0,06";"2,79";"4,55";"0,57";"1,90";"10,30"
"2024*";"Verplaatsing in januari";"2,66";"29,10";"66,76";"0,92";"15,55";"22,02";"0,06";"3,04";"4,96";"0,65";"2,31";"12,29"
"2024*";"Verplaatsing in februari";"2,74";"30,29";"69,71";"0,94";"15,79";"22,58";"0,07";"3,23";"5,34";"0,67";"2,37";"12,37"
"2024*";"Verplaatsing in maart";"2,82";"33,28";"76,32";"0,95";"17,60";"24,05";"0,07";"3,64";"5,77";"0,78";"3,11";"16,58"
"2024*";"Verplaatsing in april";"2,77";"34,43";"77,33";"0,96";"17,40";"24,63";"0,07";"3,84";"5,72";"0,74";"3,19";"17,66"
"2024*";"Verplaatsing in mei";"2,75";"33,31";"79,07";"0,92";"16,49";"23,42";"0,06";"3,45";"5,62";"0,82";"3,58";"19,41"
"2024*";"Verplaatsing in juni";"2,82";"32,34";"77,54";"0,89";"16,06";"22,99";"0,07";"3,32";"5,43";"0,85";"3,54";"19,11"
"2024*";"Verplaatsing in juli";"2,58";"32,09";"73,77";"0,82";"15,18";"20,98";"0,06";"2,94";"4,82";"0,74";"3,40";"18,23"
"2024*";"Verplaatsing in augustus";"2,44";"32,17";"75,44";"0,76";"15,38";"21,29";"0,05";"2,40";"3,90";"0,74";"3,52";"19,51"
"2024*";"Verplaatsing in september";"2,77";"33,82";"77,42";"0,88";"16,94";"23,29";"0,07";"3,22";"5,69";"0,82";"3,36";"18,35"
"2024*";"Verplaatsing in oktober";"2,80";"33,64";"77,60";"0,92";"16,26";"24,12";"0,07";"3,66";"5,83";"0,80";"3,21";"16,69"
"2024*";"Verplaatsing in november";"2,78";"32,72";"72,84";"0,95";"17,65";"24,70";"0,07";"3,23";"5,28";"0,76";"2,67";"14,02"
"2024*";"Verplaatsing in december";"2,55";"31,04";"66,91";"0,91";"15,46";"22,45";"0,07";"3,62";"5,69";"0,62";"2,14";"11,14"
"Bron: CBS"
