"Pompprijzen motorbrandstoffen; locatie tankstation, brandstofsoort"
"Onderwerp: |Gemiddelde pompprijs"
"";"Motorbrandstof"
"";"Benzine Euro95";"Diesel"
"Perioden";"euro/liter";"euro/liter"
"2006 januari";"1,357";"1,018"
"2006 februari";"1,330";"1,020"
"2006 maart";"1,356";"1,045"
"2006 april";"1,431";"1,078"
"2006 mei";"1,433";"1,073"
"2006 juni";"1,444";"1,079"
"2006 juli";"1,476";"1,085"
"2006 augustus";"1,436";"1,091"
"2006 september";"1,324";"1,027"
"2006 oktober";"1,292";"1,011"
"2006 november";"1,289";"0,996"
"2006 december";"1,307";"0,995"
"2007 januari";"1,303";"0,970"
"2007 februari";"1,325";"0,990"
"2007 maart";"1,379";"1,006"
"2007 april";"1,426";"1,031"
"2007 mei";"1,467";"1,032"
"2007 juni";"1,455";"1,053"
"2007 juli";"1,444";"1,063"
"2007 augustus";"1,408";"1,052"
"2007 september";"1,424";"1,081"
"2007 oktober";"1,417";"1,095"
"2007 november";"1,468";"1,186"
"2007 december";"1,449";"1,153"
"2008 januari";"1,464";"1,146"
"2008 februari";"1,474";"1,169"
"2008 maart";"1,479";"1,232"
"2008 april";"1,517";"1,260"
"2008 mei";"1,575";"1,372"
"2008 juni";"1,627";"1,399"
"2008 juli";"1,613";"1,423"
"2008 augustus";"1,558";"1,322"
"2008 september";"1,545";"1,292"
"2008 oktober";"1,406";"1,196"
"2008 november";"1,269";"1,103"
"2008 december";"1,191";"0,979"
"2009 januari";"1,231";"0,978"
"2009 februari";"1,276";"0,973"
"2009 maart";"1,281";"0,960"
"2009 april";"1,312";"0,978"
"2009 mei";"1,363";"0,985"
"2009 juni";"1,419";"1,035"
"2009 juli";"1,374";"1,015"
"2009 augustus";"1,422";"1,050"
"2009 september";"1,378";"1,022"
"2009 oktober";"1,380";"1,042"
"2009 november";"1,409";"1,058"
"2009 december";"1,398";"1,056"
"2010 januari";"1,445";"1,098"
"2010 februari";"1,452";"1,097"
"2010 maart";"1,506";"1,139"
"2010 april";"1,531";"1,182"
"2010 mei";"1,524";"1,189"
"2010 juni";"1,520";"1,191"
"2010 juli";"1,499";"1,168"
"2010 augustus";"1,491";"1,168"
"2010 september";"1,496";"1,177"
"2010 oktober";"1,493";"1,184"
"2010 november";"1,507";"1,200"
"2010 december";"1,569";"1,251"
"2011 januari";"1,593";"1,288"
"2011 februari";"1,597";"1,313"
"2011 maart";"1,633";"1,363"
"2011 april";"1,686";"1,377"
"2011 mei";"1,683";"1,342"
"2011 juni";"1,646";"1,334"
"2011 juli";"1,658";"1,348"
"2011 augustus";"1,636";"1,327"
"2011 september";"1,670";"1,349"
"2011 oktober";"1,634";"1,361"
"2011 november";"1,618";"1,393"
"2011 december";"1,622";"1,380"
"2012 januari";"1,688";"1,421"
"2012 februari";"1,723";"1,432"
"2012 maart";"1,776";"1,457"
"2012 april";"1,809";"1,453"
"2012 mei";"1,754";"1,428"
"2012 juni";"1,714";"1,383"
"2012 juli";"1,733";"1,408"
"2012 augustus";"1,783";"1,458"
"2012 september";"1,818";"1,474"
"2012 oktober";"1,810";"1,491"
"2012 november";"1,764";"1,476"
"2012 december";"1,730";"1,446"
"2013 januari";"1,742";"1,451"
"2013 februari";"1,785";"1,472"
"2013 maart";"1,769";"1,449"
"2013 april";"1,743";"1,415"
"2013 mei";"1,721";"1,390"
"2013 juni";"1,730";"1,394"
"2013 juli";"1,753";"1,418"
"2013 augustus";"1,764";"1,426"
"2013 september";"1,758";"1,437"
"2013 oktober";"1,700";"1,406"
"2013 november";"1,678";"1,387"
"2013 december";"1,688";"1,404"
"2014 januari";"1,689";"1,431"
"2014 februari";"1,695";"1,434"
"2014 maart";"1,687";"1,416"
"2014 april";"1,725";"1,423"
"2014 mei";"1,731";"1,426"
"2014 juni";"1,756";"1,433"
"2014 juli";"1,750";"1,424"
"2014 augustus";"1,714";"1,418"
"2014 september";"1,728";"1,415"
"2014 oktober";"1,681";"1,374"
"2014 november";"1,632";"1,358"
"2014 december";"1,549";"1,263"
"2015 januari";"1,473";"1,194"
"2015 februari";"1,520";"1,254"
"2015 maart";"1,586";"1,287"
"2015 april";"1,615";"1,283"
"2015 mei";"1,641";"1,310"
"2015 juni";"1,655";"1,301"
"2015 juli";"1,660";"1,265"
"2015 augustus";"1,584";"1,191"
"2015 september";"1,511";"1,191"
"2015 oktober";"1,481";"1,184"
"2015 november";"1,507";"1,192"
"2015 december";"1,459";"1,116"
"2016 januari";"1,430";"1,048"
"2016 februari";"1,395";"1,041"
"2016 maart";"1,408";"1,090"
"2016 april";"1,468";"1,093"
"2016 mei";"1,498";"1,137"
"2016 juni";"1,520";"1,170"
"2016 juli";"1,477";"1,136"
"2016 augustus";"1,466";"1,121"
"2016 september";"1,491";"1,149"
"2016 oktober";"1,517";"1,193"
"2016 november";"1,501";"1,186"
"2016 december";"1,549";"1,238"
"2017 januari";"1,568";"1,246"
"2017 februari";"1,584";"1,247"
"2017 maart";"1,550";"1,225"
"2017 april";"1,580";"1,233"
"2017 mei";"1,541";"1,191"
"2017 juni";"1,520";"1,161"
"2017 juli";"1,511";"1,170"
"2017 augustus";"1,530";"1,191"
"2017 september";"1,560";"1,221"
"2017 oktober";"1,533";"1,237"
"2017 november";"1,585";"1,264"
"2017 december";"1,563";"1,264"
"2018 januari";"1,589";"1,292"
"2018 februari";"1,566";"1,254"
"2018 maart";"1,545";"1,260"
"2018 april";"1,608";"1,301"
"2018 mei";"1,668";"1,360"
"2018 juni";"1,660";"1,362"
"2018 juli";"1,661";"1,356"
"2018 augustus";"1,683";"1,359"
"2018 september";"1,680";"1,384"
"2018 oktober";"1,657";"1,417"
"2018 november";"1,583";"1,378"
"2018 december";"1,512";"1,297"
"2019 januari";"1,545";"1,304"
"2019 februari";"1,578";"1,345"
"2019 maart";"1,619";"1,362"
"2019 april";"1,702";"1,378"
"2019 mei";"1,724";"1,392"
"2019 juni";"1,663";"1,333"
"2019 juli";"1,672";"1,344"
"2019 augustus";"1,650";"1,329"
"2019 september";"1,648";"1,366"
"2019 oktober";"1,643";"1,369"
"2019 november";"1,657";"1,369"
"2019 december";"1,663";"1,386"
"2020 januari";"1,697";"1,413"
"2020 februari";"1,664";"1,359"
"2020 maart";"1,567";"1,268"
"2020 april";"1,468";"1,224"
"2020 mei";"1,482";"1,196"
"2020 juni";"1,539";"1,202"
"2020 juli";"1,561";"1,219"
"2020 augustus";"1,564";"1,207"
"2020 september";"1,564";"1,167"
"2020 oktober";"1,558";"1,172"
"2020 november";"1,525";"1,185"
"2020 december";"1,553";"1,233"
"2021 januari";"1,615";"1,289"
"2021 februari";"1,676";"1,354"
"2021 maart";"1,730";"1,392"
"2021 april";"1,746";"1,387"
"2021 mei";"1,773";"1,409"
"2021 juni";"1,793";"1,440"
"2021 juli";"1,832";"1,463"
"2021 augustus";"1,836";"1,457"
"2021 september";"1,852";"1,489"
"2021 oktober";"1,942";"1,608"
"2021 november";"2,004";"1,638"
"2021 december";"1,968";"1,601"
"2022 januari";"1,989";"1,666"
"2022 februari";"2,049";"1,744"
"2022 maart";"2,290";"2,118"
"2022 april";"2,088";"2,002"
"2022 mei";"2,187";"1,993"
"2022 juni";"2,353";"2,143"
"2022 juli";"2,209";"2,068"
"2022 augustus";"2,065";"1,974"
"2022 september";"1,967";"1,999"
"2022 oktober";"1,995";"2,076"
"2022 november";"1,912";"1,925"
"2022 december";"1,759";"1,751"
"2023 januari";"1,824";"1,784"
"2023 februari";"1,820";"1,689"
"2023 maart";"1,812";"1,632"
"2023 april";"1,855";"1,587"
"2023 mei";"1,805";"1,502"
"2023 juni";"1,822";"1,520"
"2023 juli";"1,992";"1,668"
"2023 augustus";"2,079";"1,815"
"2023 september";"2,118";"1,913"
"2023 oktober";"2,040";"1,893"
"2023 november";"1,980";"1,814"
"2023 december";"1,901";"1,726"
"2024 januari";"1,912";"1,736"
"2024 februari";"1,971";"1,809"
"2024 maart";"2,008";"1,796"
"2024 april";"2,081";"1,805"
"2024 mei";"2,031";"1,726"
"2024 juni";"1,993";"1,706"
"2024 juli";"2,000";"1,732"
"2024 augustus";"1,953";"1,674"
"2024 september";"1,880";"1,608"
"2024 oktober";"1,903";"1,640"
"2024 november";"1,948";"1,716"
"2024 december";"1,948";"1,726"
"2025 januari";"1,961";"1,754"
"2025 februari";"1,968";"1,742"
"2025 maart";"1,906";"1,679"
"2025 april";"1,895";"1,626"
"2025 mei";"1,875";"1,597"
"2025 juni";"1,903";"1,654"
"2025 juli";"1,896";"1,697"
"2025 augustus";"1,905";"1,673"
"2025 september";"1,941";"1,703"
"2025 oktober";"1,938";"1,702"
"2025 november";"1,956";"1,769"
"2025 december";"1,910";"1,705"
"2026 januari";"2,013";"1,801"
"2026 februari";"2,039";"1,834"
"2026 maart";"2,249";"2,294"
"2026 april";"2,323";"2,412"
"2026 mei";"2,378";"2,283"
"2026 juni";"2,232";"2,083"
"2026 juli";"2,315";"2,231"
"2026 augustus";"2,333";"2,369"
"Bron: CBS, Travelcard BV"
